[{"model": "admin.logentry", "pk": 1, "fields": {"action_time": "2021-07-03T14:59:48.108Z", "user": 1, "content_type": 13, "object_id": "1", "object_repr": "training_plans", "action_flag": 1, "change_message": "[{\"added\": {}}]"}}, {"model": "admin.logentry", "pk": 2, "fields": {"action_time": "2021-07-03T15:00:19.301Z", "user": 1, "content_type": 13, "object_id": "2", "object_repr": "shorts", "action_flag": 1, "change_message": "[{\"added\": {}}]"}}, {"model": "admin.logentry", "pk": 3, "fields": {"action_time": "2021-07-03T15:23:46.649Z", "user": 1, "content_type": 14, "object_id": "1", "object_repr": "Blue shorts", "action_flag": 1, "change_message": "[{\"added\": {}}]"}}, {"model": "admin.logentry", "pk": 4, "fields": {"action_time": "2021-07-03T16:18:19.327Z", "user": 1, "content_type": 14, "object_id": "2", "object_repr": "red shorts", "action_flag": 1, "change_message": "[{\"added\": {}}]"}}, {"model": "admin.logentry", "pk": 5, "fields": {"action_time": "2021-07-04T16:46:51.887Z", "user": 1, "content_type": 14, "object_id": "3", "object_repr": "8 Week Shred", "action_flag": 1, "change_message": "[{\"added\": {}}]"}}, {"model": "admin.logentry", "pk": 6, "fields": {"action_time": "2021-07-13T15:05:03.218Z", "user": 1, "content_type": 15, "object_id": "2", "object_repr": "95A687CA98AD469E82436B99D9A02EA1", "action_flag": 2, "change_message": "[{\"changed\": {\"name\": \"order line item\", \"object\": \"SKU 215454154545 on order 95A687CA98AD469E82436B99D9A02EA1\", \"fields\": [\"Quantity\"]}}]"}}, {"model": "admin.logentry", "pk": 7, "fields": {"action_time": "2021-07-13T15:05:25.918Z", "user": 1, "content_type": 15, "object_id": "2", "object_repr": "95A687CA98AD469E82436B99D9A02EA1", "action_flag": 2, "change_message": "[{\"deleted\": {\"name\": \"order line item\", \"object\": \"SKU 215454154545 on order 95A687CA98AD469E82436B99D9A02EA1\"}}]"}}, {"model": "admin.logentry", "pk": 8, "fields": {"action_time": "2021-07-13T15:05:54.947Z", "user": 1, "content_type": 15, "object_id": "2", "object_repr": "95A687CA98AD469E82436B99D9A02EA1", "action_flag": 3, "change_message": ""}}, {"model": "admin.logentry", "pk": 9, "fields": {"action_time": "2021-07-13T15:09:05.289Z", "user": 1, "content_type": 15, "object_id": "3", "object_repr": "988FD1D29A154D61855C71C94953DBD6", "action_flag": 2, "change_message": "[{\"changed\": {\"name\": \"order line item\", \"object\": \"SKU 456456456 on order 988FD1D29A154D61855C71C94953DBD6\", \"fields\": [\"Quantity\"]}}]"}}, {"model": "admin.logentry", "pk": 10, "fields": {"action_time": "2021-07-13T15:09:40.210Z", "user": 1, "content_type": 15, "object_id": "3", "object_repr": "988FD1D29A154D61855C71C94953DBD6", "action_flag": 2, "change_message": "[{\"changed\": {\"name\": \"order line item\", \"object\": \"SKU 456456456 on order 988FD1D29A154D61855C71C94953DBD6\", \"fields\": [\"Quantity\"]}}, {\"deleted\": {\"name\": \"order line item\", \"object\": \"SKU 215454154545 on order 988FD1D29A154D61855C71C94953DBD6\"}}]"}}, {"model": "admin.logentry", "pk": 11, "fields": {"action_time": "2021-07-13T15:10:11.766Z", "user": 1, "content_type": 15, "object_id": "3", "object_repr": "988FD1D29A154D61855C71C94953DBD6", "action_flag": 2, "change_message": "[{\"deleted\": {\"name\": \"order line item\", \"object\": \"SKU 456456456 on order 988FD1D29A154D61855C71C94953DBD6\"}}]"}}, {"model": "admin.logentry", "pk": 12, "fields": {"action_time": "2021-07-13T15:10:30.692Z", "user": 1, "content_type": 15, "object_id": "3", "object_repr": "988FD1D29A154D61855C71C94953DBD6", "action_flag": 3, "change_message": ""}}, {"model": "admin.logentry", "pk": 13, "fields": {"action_time": "2021-07-19T14:57:52.248Z", "user": 1, "content_type": 18, "object_id": "1", "object_repr": "Briancon44", "action_flag": 1, "change_message": "[{\"added\": {}}]"}}, {"model": "admin.logentry", "pk": 14, "fields": {"action_time": "2021-07-19T17:59:25.386Z", "user": 1, "content_type": 18, "object_id": "2", "object_repr": "ravajer", "action_flag": 1, "change_message": "[{\"added\": {}}]"}}, {"model": "admin.logentry", "pk": 15, "fields": {"action_time": "2021-07-21T10:38:50.592Z", "user": 1, "content_type": 18, "object_id": "3", "object_repr": "Briancon44", "action_flag": 3, "change_message": ""}}, {"model": "auth.user", "pk": 1, "fields": {"password": "pbkdf2_sha256$260000$VJAHPD1zRREVdAsAq8r20r$V81yXilm7gA2/uf2PVPF2cM+WwNPu0wJEIZ7TzaOZ3w=", "last_login": "2021-07-21T10:38:07.401Z", "is_superuser": true, "username": "Briancon44", "first_name": "", "last_name": "", "email": "", "is_staff": true, "is_active": true, "date_joined": "2021-07-03T11:29:15.124Z", "groups": [], "user_permissions": []}}, {"model": "auth.user", "pk": 2, "fields": {"password": "pbkdf2_sha256$260000$CzqGqSHb2noT5SUFdBx8xx$hCgTQbuIfrkyEsvKUjLlImxNgenolYZL+hurYnlcTQY=", "last_login": null, "is_superuser": false, "username": "ravajer", "first_name": "", "last_name": "", "email": "ravajer350@ovooovo.com", "is_staff": false, "is_active": true, "date_joined": "2021-07-15T15:14:31.304Z", "groups": [], "user_permissions": []}}, {"model": "auth.user", "pk": 3, "fields": {"password": "pbkdf2_sha256$260000$bGE9c8zqrIDvhvlrYusl86$DCpuHer0X2/jg7vH8CCzDjNspglwyiRvt50jrWx9maA=", "last_login": "2021-07-15T15:19:29.758Z", "is_superuser": false, "username": "kewoge6552@nhmty.com", "first_name": "", "last_name": "", "email": "kewoge6552@nhmty.com", "is_staff": false, "is_active": true, "date_joined": "2021-07-15T15:18:41.986Z", "groups": [], "user_permissions": []}}, {"model": "sessions.session", "pk": "52bv96cgyrvn8p37uhd2agd8nc3yu3cp", "fields": {"session_data": ".eJxVTksOgyAUvMtbGwIPhMKye89gHh_FttFEdGW8ezFx0W5mkvllDuhp33K_l7T2UwQHAppfzVN4p_ky4ovmcWFhmbd18uyKsNstrFti-jzv7N9AppJrGwcvLFVEK40VXBI-vI984NjyKLUO3GBSLa-kyIigUCeJSSvRYrC6jnoawR31oBMNSHDyPL82NjtP:1m15lg:lnOyV_ac08h1y2Q_7yAxS8fOpcf-qrFgmHoiCbyKagE", "expire_date": "2021-07-21T11:31:04.502Z"}}, {"model": "sessions.session", "pk": "7iy3mhdllx22qxh7j4kykgtjev85eff9", "fields": {"session_data": ".eJxVjDsOwjAQRO_iGlnr9Q9T0nMGa_0JDiBbipMKcXccKQU0M9K8mXkzT9ta_Nbz4ufELkyw028WKD5z3UF6UL03HltdlznwvcIP2vmtpfy6Ht2_g0K9jDVOQTgaik5aJ0ASnkNIMAFqSNKYCBaz0jBMkRVRockSs1FCY3SGfb7EojaT:1m5XY5:YZUWzHKBdna4qvnVFAir5AdYRdHJRMhmM0a2_jPuuiY", "expire_date": "2021-08-02T17:59:25.555Z"}}, {"model": "sessions.session", "pk": "zqzbjyda2brao4wi5u3iint2l4i563gy", "fields": {"session_data": ".eJxVjDsOwjAQRO_iGlnr9Q9T0nMGa_0JDiBbipMKcXccKQU0M9K8mXkzT9ta_Nbz4ufELkyw028WKD5z3UF6UL03HltdlznwvcIP2vmtpfy6Ht2_g0K9jDVOQTgaik5aJ0ASnkNIMAFqSNKYCBaz0jBMkRVRockSs1FCY3SGfb7EojaT:1m69co:eeZt_9jJG4bTfqz9PY-PS5AAGDq4MDRfoEudX9p99I0", "expire_date": "2021-08-04T10:38:50.776Z"}}, {"model": "sites.site", "pk": 1, "fields": {"domain": "example.com", "name": "example.com"}}, {"model": "account.emailaddress", "pk": 1, "fields": {"user": 2, "email": "ravajer350@ovooovo.com", "verified": true, "primary": true}}, {"model": "account.emailaddress", "pk": 2, "fields": {"user": 3, "email": "kewoge6552@nhmty.com", "verified": true, "primary": true}}, {"model": "products.category", "pk": 1, "fields": {"name": "training_plans", "friendly_name": "Training Plans"}}, {"model": "products.category", "pk": 2, "fields": {"name": "shorts", "friendly_name": "Gym Shorts"}}, {"model": "products.product", "pk": 1, "fields": {"category": 2, "sku": "1212121212121", "name": "Blue shorts", "description": "A pair of blue shorts", "has_sizes": true, "price": "20.99", "rating": "4.2", "image_url": null, "image": "ya993_1.861867.jpg"}}, {"model": "products.product", "pk": 2, "fields": {"category": 2, "sku": "456456456", "name": "red shorts", "description": "red shorts", "has_sizes": true, "price": "16.98", "rating": null, "image_url": null, "image": "f500-adult-football-shorts-red.jpg"}}, {"model": "products.product", "pk": 3, "fields": {"category": 1, "sku": "215454154545", "name": "8 Week Shred", "description": "8 week shredding workout program, for home use or gyms!", "has_sizes": false, "price": "110.99", "rating": null, "image_url": null, "image": "daa967_a8ac06e887594c118fc86648b4e49a48_mv2_d_2048_2048_s_2_t89iW0o.png"}}, {"model": "checkout.order", "pk": 1, "fields": {"order_number": "C073475F788840458678F8A48DFD9A70", "user_profile": null, "email": "fgjfhgjfhgjfhg@dfogdfgdf.com", "phone_number": "1234567890", "country": "United States", "postcode": "12345", "full_name": "fjhhgjf", "town_or_city": "anywhere", "street_address1": "anywhere", "street_address2": null, "county": "california", "date": "2021-07-12T19:48:55.190Z", "delivery_cost": "0.00", "order_total": "158.96", "grand_total": "158.96", "original_bag": "", "stripe_pid": ""}}, {"model": "checkout.order", "pk": 4, "fields": {"order_number": "CCB3482B11214961B990F86F04082D4F", "user_profile": null, "email": "fgjfhgjfhgjfhg@dfogdfgdf.com", "phone_number": "1234567890", "country": "Ireland", "postcode": "12345", "full_name": "fjhhgjf", "town_or_city": "anywhere", "street_address1": "anywhere", "street_address2": null, "county": "california", "date": "2021-07-13T15:37:48.413Z", "delivery_cost": "0.00", "order_total": "101.88", "grand_total": "101.88", "original_bag": "", "stripe_pid": ""}}, {"model": "checkout.order", "pk": 5, "fields": {"order_number": "E91DD2D8DCD24AF6A010801943817070", "user_profile": null, "email": "fgjfhgjfhgjfhg@dfogdfgdf.com", "phone_number": "1234567890", "country": "Ireland", "postcode": "12345", "full_name": "fjhhgjf", "town_or_city": "anywhere", "street_address1": "anywhere", "street_address2": null, "county": "california", "date": "2021-07-13T16:03:08.004Z", "delivery_cost": "0.00", "order_total": "221.98", "grand_total": "221.98", "original_bag": "", "stripe_pid": ""}}, {"model": "checkout.order", "pk": 6, "fields": {"order_number": "B1111E9C67BD4721BB38D7CCAD99E146", "user_profile": null, "email": "fgjfhgjfhgjfhg@dfogdfgdf.com", "phone_number": "1234567890", "country": "United States", "postcode": "12345", "full_name": "fjhhgjf", "town_or_city": "anywhere", "street_address1": "anywhere", "street_address2": null, "county": "california", "date": "2021-07-13T16:27:08.224Z", "delivery_cost": "0.00", "order_total": "127.97", "grand_total": "127.97", "original_bag": "", "stripe_pid": ""}}, {"model": "checkout.order", "pk": 7, "fields": {"order_number": "752A641414C244FB9CD89FE6AC35FF42", "user_profile": null, "email": "fgjfhgjfhgjfhg@dfogdfgdf.com", "phone_number": "1234567890", "country": "US", "postcode": "12345", "full_name": "fjhhgjf", "town_or_city": "anywhere", "street_address1": "anywhere", "street_address2": null, "county": "california", "date": "2021-07-13T21:07:32.595Z", "delivery_cost": "0.00", "order_total": "160.94", "grand_total": "160.94", "original_bag": "", "stripe_pid": ""}}, {"model": "checkout.order", "pk": 8, "fields": {"order_number": "19EE27A0628A49BD8BA6EE08BE191AB1", "user_profile": null, "email": "fgjfhgjfhgjfhg@dfogdfgdf.com", "phone_number": "1234567890", "country": "US", "postcode": "12345", "full_name": "fjhhgjf", "town_or_city": "anywhere", "street_address1": "anywhere", "street_address2": null, "county": "california", "date": "2021-07-14T11:36:58.314Z", "delivery_cost": "0.00", "order_total": "144.95", "grand_total": "144.95", "original_bag": "{\"2\": {\"items_by_size\": {\"m\": 2}}, \"3\": 1}", "stripe_pid": "pi_1JD6O6JVTGCPSkkRcVzba448"}}, {"model": "checkout.order", "pk": 9, "fields": {"order_number": "423E216235F34622B827C6E1C419C969", "user_profile": null, "email": "fgjfhgjfhgjfhg@dfogdfgdf.com", "phone_number": "1234567890", "country": "US", "postcode": "12345", "full_name": "fjhhgjf", "town_or_city": "anywhere", "street_address1": "anywhere", "street_address2": null, "county": "california", "date": "2021-07-14T14:36:00.681Z", "delivery_cost": "0.00", "order_total": "118.86", "grand_total": "118.86", "original_bag": "{\"2\": {\"items_by_size\": {\"s\": 6, \"l\": 1}}}", "stripe_pid": "pi_1JD9BUJVTGCPSkkRMNTkgXZ5"}}, {"model": "checkout.order", "pk": 10, "fields": {"order_number": "B9E7D11AC3CC48899D3CE6EAFA54F2EA", "user_profile": null, "email": "fgjfhgjfhgjfhg@dfogdfgdf.com", "phone_number": "1234567890", "country": "US", "postcode": "12345", "full_name": "fjhhgjf", "town_or_city": "anywhere", "street_address1": "anywhere", "street_address2": null, "county": "california", "date": "2021-07-14T14:39:02.016Z", "delivery_cost": "0.00", "order_total": "126.98", "grand_total": "126.98", "original_bag": "{\"3\": 1, \"1\": {\"items_by_size\": {\"s\": 1}}}", "stripe_pid": "pi_1JD9EQJVTGCPSkkRAM591V5i"}}, {"model": "checkout.order", "pk": 11, "fields": {"order_number": "F29F93D30D0F4582B633C6481A3CD6EA", "user_profile": null, "email": "fgjfhgjfhgjfhg@dfogdfgdf.com", "phone_number": "1234567890", "country": "US", "postcode": "12345", "full_name": "fjhhgjf", "town_or_city": "anywhere", "street_address1": "anywhere", "street_address2": null, "county": "california", "date": "2021-07-14T14:43:16.862Z", "delivery_cost": "0.00", "order_total": "220.74", "grand_total": "220.74", "original_bag": "{\"2\": {\"items_by_size\": {\"m\": 13}}}", "stripe_pid": "pi_1JD9IUJVTGCPSkkRH2k1SQo8"}}, {"model": "checkout.order", "pk": 12, "fields": {"order_number": "DA998F4627004885B782648FC1385A7F", "user_profile": null, "email": "fgjfhgjfhgjfhg@dfogdfgdf.com", "phone_number": "1234567890", "country": "US", "postcode": "12345", "full_name": "fjhhgjf", "town_or_city": "anywhere", "street_address1": "anywhere", "street_address2": null, "county": "california", "date": "2021-07-14T14:46:00.360Z", "delivery_cost": "0.00", "order_total": "110.99", "grand_total": "110.99", "original_bag": "{\"3\": 1}", "stripe_pid": "pi_1JD9LCJVTGCPSkkRGI0zx6ag"}}, {"model": "checkout.order", "pk": 13, "fields": {"order_number": "FC10759B7E9048058A1FDE59D24FCBAC", "user_profile": null, "email": "fgjfhgjfhgjfhg@dfogdfgdf.com", "phone_number": "1234567890", "country": "US", "postcode": "12345", "full_name": "fjhhgjf", "town_or_city": "anywhere", "street_address1": "anywhere", "street_address2": null, "county": "california", "date": "2021-07-14T14:47:36.417Z", "delivery_cost": "0.00", "order_total": "110.99", "grand_total": "110.99", "original_bag": "{\"3\": 1}", "stripe_pid": "pi_1JD9MgJVTGCPSkkREDkod5Nz"}}, {"model": "checkout.order", "pk": 14, "fields": {"order_number": "F2F576A3783D4EEA8B30D109968315FC", "user_profile": null, "email": "fgjfhgjfhgjfhg@dfogdfgdf.com", "phone_number": "1234567890", "country": "US", "postcode": "12345", "full_name": "fjhhgjf", "town_or_city": "anywhere", "street_address1": "anywhere", "street_address2": null, "county": "california", "date": "2021-07-14T14:54:32.781Z", "delivery_cost": "1.70", "order_total": "16.98", "grand_total": "18.68", "original_bag": "{\"2\": {\"items_by_size\": {\"s\": 1}}}", "stripe_pid": "pi_1JD9TOJVTGCPSkkRIVMxXY8q"}}, {"model": "checkout.order", "pk": 15, "fields": {"order_number": "FD737F15672E445884257FAF9DB7338C", "user_profile": null, "email": "fgjfhgjfhgjfhg@dfogdfgdf.com", "phone_number": "1234567890", "country": "US", "postcode": "12345", "full_name": "fjhhgjf", "town_or_city": "anywhere", "street_address1": "anywhere", "street_address2": null, "county": "california", "date": "2021-07-14T14:56:04.489Z", "delivery_cost": "1.70", "order_total": "16.98", "grand_total": "18.68", "original_bag": "{\"2\": {\"items_by_size\": {\"s\": 1}}}", "stripe_pid": "pi_1JD9UrJVTGCPSkkRWBuOUbtE"}}, {"model": "checkout.order", "pk": 16, "fields": {"order_number": "E4B9F162848D42B0B86E5A6E96EE586E", "user_profile": 3, "email": "fgjfhgjfhgjfhg@dfogdfgdf.com", "phone_number": "1234567890", "country": "IE", "postcode": "12345", "full_name": "fjhhgjf", "town_or_city": "anywhere", "street_address1": "anywhere", "street_address2": null, "county": "california", "date": "2021-07-16T15:33:11.356Z", "delivery_cost": "0.00", "order_total": "127.97", "grand_total": "127.97", "original_bag": "{\"3\": 1, \"2\": {\"items_by_size\": {\"l\": 1}}}", "stripe_pid": "pi_1JDt1kJVTGCPSkkRz6goJaGZ"}}, {"model": "checkout.order", "pk": 17, "fields": {"order_number": "B0045C362F6C44EE92F3AAC296A5CC69", "user_profile": 3, "email": "fgjfhgjfhgjfhg@dfogdfgdf.com", "phone_number": "1234567890", "country": "IE", "postcode": "12345", "full_name": "fjhhgjf", "town_or_city": "anywhere", "street_address1": "anywhere", "street_address2": null, "county": "california", "date": "2021-07-16T15:36:50.760Z", "delivery_cost": "1.60", "order_total": "15.99", "grand_total": "17.59", "original_bag": "{\"1\": {\"items_by_size\": {\"m\": 1}}}", "stripe_pid": "pi_1JDt5XJVTGCPSkkRy00j8giQ"}}, {"model": "checkout.order", "pk": 18, "fields": {"order_number": "FF5A4360798F49CA9E3FA6672CF37000", "user_profile": 3, "email": "fgjfhgjfhgjfhg@dfogdfgdf.com", "phone_number": "1234567890", "country": "IE", "postcode": "12345", "full_name": "fjhhgjf", "town_or_city": "anywhere", "street_address1": "anywhere", "street_address2": null, "county": "california", "date": "2021-07-16T15:42:48.113Z", "delivery_cost": "0.00", "order_total": "110.99", "grand_total": "110.99", "original_bag": "{\"3\": 1}", "stripe_pid": "pi_1JDtBKJVTGCPSkkRKPS5qBLM"}}, {"model": "checkout.order", "pk": 19, "fields": {"order_number": "0EDEBB4356C047498C034D2745037CD2", "user_profile": 3, "email": "fgjfhgjfhgjfhg@dfogdfgdf.com", "phone_number": "1234567890", "country": "US", "postcode": "12345", "full_name": "fjhhgjf", "town_or_city": "anywhere", "street_address1": "anywhere", "street_address2": null, "county": "california", "date": "2021-07-16T15:45:47.948Z", "delivery_cost": "0.00", "order_total": "95.94", "grand_total": "95.94", "original_bag": "{\"1\": {\"items_by_size\": {\"s\": 6}}}", "stripe_pid": "pi_1JDtEDJVTGCPSkkRGhEPjxzL"}}, {"model": "checkout.order", "pk": 20, "fields": {"order_number": "AE4E2064A0724B8AA5544F72A7005F0C", "user_profile": 3, "email": "fgjfhgjfhgjfhg@dfogdfgdf.com", "phone_number": "1234567890", "country": "US", "postcode": "12345", "full_name": "fjhhgjf", "town_or_city": "anywhere", "street_address1": "anywhere", "street_address2": null, "county": "california", "date": "2021-07-16T15:51:11.168Z", "delivery_cost": "0.00", "order_total": "135.84", "grand_total": "135.84", "original_bag": "{\"2\": {\"items_by_size\": {\"l\": 8}}}", "stripe_pid": "pi_1JDtJRJVTGCPSkkRKABTW4xh"}}, {"model": "checkout.order", "pk": 21, "fields": {"order_number": "8C096BCE21494CF391D233C2ADDD95D0", "user_profile": 3, "email": "fgjfhgjfhgjfhg@dfogdfgdf.com", "phone_number": "1234567890", "country": "IE", "postcode": "12345", "full_name": "fjhhgjf", "town_or_city": "anywhere", "street_address1": "anywhere", "street_address2": null, "county": "california", "date": "2021-07-16T15:55:14.053Z", "delivery_cost": "0.00", "order_total": "110.99", "grand_total": "110.99", "original_bag": "{\"3\": 1}", "stripe_pid": "pi_1JDtNLJVTGCPSkkRLxJCHhJx"}}, {"model": "checkout.order", "pk": 22, "fields": {"order_number": "1660999628CE49059FBE1095B139EDBB", "user_profile": 3, "email": "fgjfhgjfhgjfhg@dfogdfgdf.com", "phone_number": "1234567890", "country": "IE", "postcode": "12345", "full_name": "fjhhgjf", "town_or_city": "anywhere", "street_address1": "anywhere", "street_address2": null, "county": "california", "date": "2021-07-16T16:03:27.785Z", "delivery_cost": "0.00", "order_total": "221.98", "grand_total": "221.98", "original_bag": "{\"3\": 2}", "stripe_pid": "pi_1JDtVKJVTGCPSkkRyKdP636x"}}, {"model": "checkout.order", "pk": 23, "fields": {"order_number": "DC697B154F524DC29DAFBC0FD9034E19", "user_profile": 3, "email": "fgjfhgjfhgjfhg@dfogdfgdf.com", "phone_number": "1234567890", "country": "IE", "postcode": "12345", "full_name": "fjhhgjf", "town_or_city": "anywhere", "street_address1": "anywhere", "street_address2": null, "county": "california", "date": "2021-07-16T16:07:56.471Z", "delivery_cost": "1.70", "order_total": "16.98", "grand_total": "18.68", "original_bag": "{\"2\": {\"items_by_size\": {\"s\": 1}}}", "stripe_pid": "pi_1JDtZgJVTGCPSkkRAD3xnyl0"}}, {"model": "checkout.order", "pk": 24, "fields": {"order_number": "96977778CF8B46489FFBE02E90290032", "user_profile": 3, "email": "Brian.connolly71@gmail.com", "phone_number": "+353863268858", "country": "IE", "postcode": "F12YK65", "full_name": "Brian Connolly", "town_or_city": "Hollymount", "street_address1": "Bushfield", "street_address2": "Hollymount", "county": "Mayo", "date": "2021-07-16T16:08:44.830Z", "delivery_cost": "0.00", "order_total": "887.92", "grand_total": "887.92", "original_bag": "{\"3\": 8}", "stripe_pid": "pi_1JDtaNJVTGCPSkkRRmGBxEwG"}}, {"model": "checkout.order", "pk": 25, "fields": {"order_number": "5DB8C5518D974DA38CD364FCDB5ECD29", "user_profile": 3, "email": "kewoge6552@nhmty.com", "phone_number": "+353863268858", "country": "IE", "postcode": "F12YK65", "full_name": "hjkhj", "town_or_city": "Hollymount", "street_address1": "Bushfield", "street_address2": "Hollymount", "county": "Mayo", "date": "2021-07-16T20:20:57.868Z", "delivery_cost": "0.00", "order_total": "110.99", "grand_total": "110.99", "original_bag": "{\"3\": 1}", "stripe_pid": "pi_1JDxW6JVTGCPSkkR1noMpDFe"}}, {"model": "checkout.order", "pk": 26, "fields": {"order_number": "604F66E5BFD54C419F8D07800B1BE206", "user_profile": 3, "email": "brian.connolly71@gmail.com", "phone_number": "+353863268858", "country": "IE", "postcode": "F12YK65", "full_name": "Brian Connolly", "town_or_city": "Hollymount", "street_address1": "Bushfield", "street_address2": "Hollymount", "county": "MO", "date": "2021-07-16T20:23:08.470Z", "delivery_cost": "0.00", "order_total": "84.90", "grand_total": "84.90", "original_bag": "{\"2\": {\"items_by_size\": {\"s\": 5}}}", "stripe_pid": "pi_1JDxYdJVTGCPSkkR09IvsKqp"}}, {"model": "checkout.order", "pk": 27, "fields": {"order_number": "678E060067FA461FA36F37815D6FFE7E", "user_profile": 3, "email": "fgjfhgjfhgjfhg@dfogdfgdf.com", "phone_number": "1234567890", "country": "IE", "postcode": "12345", "full_name": "fjhhgjf", "town_or_city": "anywhere", "street_address1": "anywhere", "street_address2": "Hollymount", "county": "california", "date": "2021-07-16T20:24:16.139Z", "delivery_cost": "0.00", "order_total": "110.99", "grand_total": "110.99", "original_bag": "{\"3\": 1}", "stripe_pid": "pi_1JDxZnJVTGCPSkkRVliLMy26"}}, {"model": "checkout.order", "pk": 28, "fields": {"order_number": "1549E8AB5DA1484BB6CA2F76C1A9F804", "user_profile": 3, "email": "kewoge6552@nhmty.com", "phone_number": "1234567890", "country": "IE", "postcode": "12345", "full_name": "test", "town_or_city": "anywhere", "street_address1": "anywhere", "street_address2": "Hollymount", "county": "california", "date": "2021-07-16T20:51:56.804Z", "delivery_cost": "3.40", "order_total": "33.96", "grand_total": "37.36", "original_bag": "{\"2\": {\"items_by_size\": {\"s\": 2}}}", "stripe_pid": "pi_1JDy06JVTGCPSkkRUIwMGRmp"}}, {"model": "checkout.order", "pk": 29, "fields": {"order_number": "3CC720E5E37D452DB552093943A96547", "user_profile": 3, "email": "kewoge6552@nhmty.com", "phone_number": "1234567890", "country": "IE", "postcode": "12345", "full_name": "tom", "town_or_city": "anywhere", "street_address1": "anywhere", "street_address2": "Hollymount", "county": "california", "date": "2021-07-16T20:53:46.909Z", "delivery_cost": "0.00", "order_total": "110.99", "grand_total": "110.99", "original_bag": "{\"3\": 1}", "stripe_pid": "pi_1JDy2GJVTGCPSkkRG2v6iR3D"}}, {"model": "checkout.order", "pk": 30, "fields": {"order_number": "959044785D3940B2A75EB91E39AB92FC", "user_profile": 3, "email": "kewoge6552@nhmty.com", "phone_number": "1234567890", "country": "IE", "postcode": "12345", "full_name": "efrsafwsfers", "town_or_city": "anywhere", "street_address1": "anywhere", "street_address2": "Hollymount", "county": "california", "date": "2021-07-16T21:10:00.955Z", "delivery_cost": "0.00", "order_total": "110.99", "grand_total": "110.99", "original_bag": "{\"3\": 1}", "stripe_pid": "pi_1JDyI2JVTGCPSkkRlADf8Hrh"}}, {"model": "checkout.order", "pk": 31, "fields": {"order_number": "AF399C3746FC4804A47799A94E4B3A8D", "user_profile": 3, "email": "kewoge6552@nhmty.com", "phone_number": "1234567890", "country": "IE", "postcode": "12345", "full_name": "hhuoijhkuj", "town_or_city": "anywhere", "street_address1": "anywhere", "street_address2": "Hollymount", "county": "california", "date": "2021-07-16T21:15:57.443Z", "delivery_cost": "1.70", "order_total": "16.98", "grand_total": "18.68", "original_bag": "{\"2\": {\"items_by_size\": {\"s\": 1}}}", "stripe_pid": "pi_1JDyNjJVTGCPSkkRQ9VD6OAt"}}, {"model": "checkout.orderlineitem", "pk": 1, "fields": {"order": 1, "product": 3, "product_size": null, "quantity": 1, "lineitem_total": "110.99"}}, {"model": "checkout.orderlineitem", "pk": 2, "fields": {"order": 1, "product": 1, "product_size": "m", "quantity": 3, "lineitem_total": "47.97"}}, {"model": "checkout.orderlineitem", "pk": 6, "fields": {"order": 4, "product": 2, "product_size": "l", "quantity": 1, "lineitem_total": "16.98"}}, {"model": "checkout.orderlineitem", "pk": 7, "fields": {"order": 4, "product": 2, "product_size": "m", "quantity": 1, "lineitem_total": "16.98"}}, {"model": "checkout.orderlineitem", "pk": 8, "fields": {"order": 4, "product": 2, "product_size": "s", "quantity": 4, "lineitem_total": "67.92"}}, {"model": "checkout.orderlineitem", "pk": 9, "fields": {"order": 5, "product": 3, "product_size": null, "quantity": 2, "lineitem_total": "221.98"}}, {"model": "checkout.orderlineitem", "pk": 10, "fields": {"order": 6, "product": 3, "product_size": null, "quantity": 1, "lineitem_total": "110.99"}}, {"model": "checkout.orderlineitem", "pk": 11, "fields": {"order": 6, "product": 2, "product_size": "s", "quantity": 1, "lineitem_total": "16.98"}}, {"model": "checkout.orderlineitem", "pk": 12, "fields": {"order": 7, "product": 3, "product_size": null, "quantity": 1, "lineitem_total": "110.99"}}, {"model": "checkout.orderlineitem", "pk": 13, "fields": {"order": 7, "product": 2, "product_size": "m", "quantity": 2, "lineitem_total": "33.96"}}, {"model": "checkout.orderlineitem", "pk": 14, "fields": {"order": 7, "product": 1, "product_size": "l", "quantity": 1, "lineitem_total": "15.99"}}, {"model": "checkout.orderlineitem", "pk": 15, "fields": {"order": 8, "product": 2, "product_size": "m", "quantity": 2, "lineitem_total": "33.96"}}, {"model": "checkout.orderlineitem", "pk": 16, "fields": {"order": 8, "product": 3, "product_size": null, "quantity": 1, "lineitem_total": "110.99"}}, {"model": "checkout.orderlineitem", "pk": 17, "fields": {"order": 9, "product": 2, "product_size": "s", "quantity": 6, "lineitem_total": "101.88"}}, {"model": "checkout.orderlineitem", "pk": 18, "fields": {"order": 9, "product": 2, "product_size": "l", "quantity": 1, "lineitem_total": "16.98"}}, {"model": "checkout.orderlineitem", "pk": 19, "fields": {"order": 10, "product": 3, "product_size": null, "quantity": 1, "lineitem_total": "110.99"}}, {"model": "checkout.orderlineitem", "pk": 20, "fields": {"order": 10, "product": 1, "product_size": "s", "quantity": 1, "lineitem_total": "15.99"}}, {"model": "checkout.orderlineitem", "pk": 21, "fields": {"order": 11, "product": 2, "product_size": "m", "quantity": 13, "lineitem_total": "220.74"}}, {"model": "checkout.orderlineitem", "pk": 22, "fields": {"order": 12, "product": 3, "product_size": null, "quantity": 1, "lineitem_total": "110.99"}}, {"model": "checkout.orderlineitem", "pk": 23, "fields": {"order": 13, "product": 3, "product_size": null, "quantity": 1, "lineitem_total": "110.99"}}, {"model": "checkout.orderlineitem", "pk": 24, "fields": {"order": 14, "product": 2, "product_size": "s", "quantity": 1, "lineitem_total": "16.98"}}, {"model": "checkout.orderlineitem", "pk": 25, "fields": {"order": 15, "product": 2, "product_size": "s", "quantity": 1, "lineitem_total": "16.98"}}, {"model": "checkout.orderlineitem", "pk": 26, "fields": {"order": 16, "product": 3, "product_size": null, "quantity": 1, "lineitem_total": "110.99"}}, {"model": "checkout.orderlineitem", "pk": 27, "fields": {"order": 16, "product": 2, "product_size": "l", "quantity": 1, "lineitem_total": "16.98"}}, {"model": "checkout.orderlineitem", "pk": 28, "fields": {"order": 17, "product": 1, "product_size": "m", "quantity": 1, "lineitem_total": "15.99"}}, {"model": "checkout.orderlineitem", "pk": 29, "fields": {"order": 18, "product": 3, "product_size": null, "quantity": 1, "lineitem_total": "110.99"}}, {"model": "checkout.orderlineitem", "pk": 30, "fields": {"order": 19, "product": 1, "product_size": "s", "quantity": 6, "lineitem_total": "95.94"}}, {"model": "checkout.orderlineitem", "pk": 31, "fields": {"order": 20, "product": 2, "product_size": "l", "quantity": 8, "lineitem_total": "135.84"}}, {"model": "checkout.orderlineitem", "pk": 32, "fields": {"order": 21, "product": 3, "product_size": null, "quantity": 1, "lineitem_total": "110.99"}}, {"model": "checkout.orderlineitem", "pk": 33, "fields": {"order": 22, "product": 3, "product_size": null, "quantity": 2, "lineitem_total": "221.98"}}, {"model": "checkout.orderlineitem", "pk": 34, "fields": {"order": 23, "product": 2, "product_size": "s", "quantity": 1, "lineitem_total": "16.98"}}, {"model": "checkout.orderlineitem", "pk": 35, "fields": {"order": 24, "product": 3, "product_size": null, "quantity": 8, "lineitem_total": "887.92"}}, {"model": "checkout.orderlineitem", "pk": 36, "fields": {"order": 25, "product": 3, "product_size": null, "quantity": 1, "lineitem_total": "110.99"}}, {"model": "checkout.orderlineitem", "pk": 37, "fields": {"order": 26, "product": 2, "product_size": "s", "quantity": 5, "lineitem_total": "84.90"}}, {"model": "checkout.orderlineitem", "pk": 38, "fields": {"order": 27, "product": 3, "product_size": null, "quantity": 1, "lineitem_total": "110.99"}}, {"model": "checkout.orderlineitem", "pk": 39, "fields": {"order": 28, "product": 2, "product_size": "s", "quantity": 2, "lineitem_total": "33.96"}}, {"model": "checkout.orderlineitem", "pk": 40, "fields": {"order": 29, "product": 3, "product_size": null, "quantity": 1, "lineitem_total": "110.99"}}, {"model": "checkout.orderlineitem", "pk": 41, "fields": {"order": 30, "product": 3, "product_size": null, "quantity": 1, "lineitem_total": "110.99"}}, {"model": "checkout.orderlineitem", "pk": 42, "fields": {"order": 31, "product": 2, "product_size": "s", "quantity": 1, "lineitem_total": "16.98"}}, {"model": "profiles.userprofile", "pk": 1, "fields": {"user": 1, "default_phone_number": null, "default_street_address1": null, "default_street_address2": null, "default_town_or_city": null, "default_county": null, "default_postcode": null, "default_country": null}}, {"model": "profiles.userprofile", "pk": 2, "fields": {"user": 2, "default_phone_number": null, "default_street_address1": null, "default_street_address2": null, "default_town_or_city": null, "default_county": null, "default_postcode": null, "default_country": null}}, {"model": "profiles.userprofile", "pk": 3, "fields": {"user": 3, "default_phone_number": "1234567890", "default_street_address1": "anywhere", "default_street_address2": "Hollymount", "default_town_or_city": "anywhere", "default_county": "california", "default_postcode": "12345", "default_country": "IE"}}, {"model": "reviews.review", "pk": 1, "fields": {"product": 2, "user": 1, "title": "Great Shorts", "comment": "Great pair of red shorts", "rating": 5, "created": "2021-07-19"}}, {"model": "reviews.review", "pk": 2, "fields": {"product": 2, "user": 2, "title": "Lovely Shorts!", "comment": "Lovely pair of shorts for all occasions", "rating": 4.5, "created": "2021-07-19"}}, {"model": "reviews.review", "pk": 4, "fields": {"product": 3, "user": 1, "title": "Great Training Program", "comment": "Great Plan, Love it", "rating": 5, "created": "2021-07-21"}}, {"model": "reviews.review", "pk": 5, "fields": {"product": 1, "user": 1, "title": "Mediocre Shorts", "comment": "Mediocre blue shorts ", "rating": 3, "created": "2021-07-21"}}]